Rank,Resume File,Cosine Similarity
1,10399912.pdf,0.9999999999999989
2,11592605.pdf,0.5860755334317378
3,11698189.pdf,0.5408665275774263
4,10694288.pdf,0.44110592258526726
5,11480899.pdf,0.43056401330681876
